{"AUC": 0.9520716163846639, "confusion_matrix": {"_type": "image-file", "sha256": "8127f0708c6c275c23ae6a646ad0a060eb4e367a11ccd46e7b081c235ec1d9d1", "size": 94101, "path": "media/images/confusion_matrix_0_8127f0708c6c275c23ae.png", "format": "png", "width": 1000, "height": 1000}, "_timestamp": 1745626035.1081731, "_runtime": 5.394970178604126, "_step": 0, "_wandb": {"runtime": 4}}